english as a foreign language,30,SEAM+,"7-8, 9-12, noK12",,,,,,,,6,,,,,,,,,,,
chemistry,21,STEM,"K-3, 7-8, 9-12, noK12",,,,2,,,,,,,,,,,,,,,
reading,20,STEAM+,"K-3, 4-6, 7-8, 9-12, noK12",,,,,,4,,,,,,10,,,,,15,,
biology,19,STEM+,"4-6, 7-8, 9-12, noK12",,,,2,,,,,,,,,,,,,,,
mathematics,18,STEAM+,"4-6, 7-8, 9-12, noK12",,,1,,,,,,7,,,,,12,,,,,
english as a second language,18,A+,"7-8, 9-12, noK12",,,,,,,,6,,,,,,,,,,,
science,18,STEAM+,"K-3, 4-6, 7-8, 9-12, noK12",,,,2,,,,,,8,,,,,13,,,,
math,18,STEAM+,"K-3, 4-6, 7-8, 9-12, noK12",,,1,,,,,,7,,,,,12,,,,,
physics,17,STEM+,"K-3, 4-6, 7-8, 9-12, noK12",,,,2,,,,,,,,,,,,,,,
english language,17,STEAM+,"7-8, 9-12, noK12",,,,,,4,,,,,,10,,,,,15,,
language,17,STEAM+,"K-3, 4-6, 7-8, 9-12, noK12",,,,,,4,,,,,,10,,,,,15,,
technology,17,STEAM+,"K-3, 4-6, 7-8, 9-12, noK12",,,,,,,5,,,,,,11,,,,,16,
writing,16,STEAM+,"K-3, 4-6, 7-8, 9-12, noK12",,,,,,4,,,,,,10,,,,,15,,
technology integration,16,STEAM+,"K-3, 4-6, 7-8, 9-12, noK12",,,,,,,,,,,,,,,,,,,
esl,14,STAM+,"K-3, 4-6, 7-8, 9-12, noK12",,,,,,,,6,,,,,,,,,,,
teacher training,13,STAM+,noK12,,,,,,,,,,,,,,,,,,,
literature,13,TA+,"4-6, 7-8, 9-12, noK12",,,,,,4,,,,,,10,,,,,15,,
maths,12,STEAM+,"K-3, 4-6, 7-8, 9-12, noK12",,,1,,,,,,7,,,,,12,,,,,
inquiry,11,STEAM+,"K-3, 4-6, 7-8",,,,,,,,,,,,,,,,,,,
biochemistry,11,ST+,"9-12, noK12",,,,2,,,,,,,,,,,,,,,
engineering,10,STEAM+,"K-3, 7-8, 9-12, noK12",,,,,,,,,,,,,,,,,,,
programming,9,STEM+,"K-3, 7-8, 9-12, noK12",,,,,,,5,,,,,,11,,,,,16,
critical thinking,9,STEAM+,"K-3, 4-6, 7-8, 9-12",,,,,,,,,,,,,,,,,,,
education,9,STAM+,"K-3, noK12",,,,,,,,,,,,,,,,,,,
literacy,8,STEAM+,"4-6, 7-8, 9-12, noK12",,,,,,4,,,,,,10,,,,,15,,
science biology physics chemistry environmental science,8,STM+,"4-6, 7-8, 9-12, noK12",,,,2,,,,,,,,,,,,,,,
english languaje,8,STA+,"4-6, 7-8, 9-12, noK12",,,,,,4,,,,,,10,,,,,15,,
robotics,8,STEAM,"K-3, 4-6, 7-8, 9-12, noK12",,,,,,,5,,,,,,11,,,,,16,
linguistics,8,STEA+,noK12,,,,,,4,,,,,,10,,,,,15,,
assessment,8,STEAM+,"K-3, 4-6, 7-8, 9-12",,,,,,,,,,,,,,,,,,,
innovation,7,STA+,"9-12, noK12",,,,,,,,,,,,,,,,,,,
special education,7,STEAM+,"K-3, 4-6, 7-8, 9-12",,,,,,,,,,,,,,,,,,,
psychology,7,STEM+,"7-8, 9-12, noK12",,,,2,,,,,,,,,,,,,,,
algebra,7,STM+,"4-6, 7-8, 9-12, noK12, 1-3",,,,,,,,,7,,,,,,,,,,
educational technology,7,T+,"9-12, noK12",,,,,,,5,,,,,,11,,,,,16,
english,7,STAM+,"4-6, 7-8, 9-12, noK12",,,,,,4,,,,,,10,,,,,15,,
communicative methods,7,STAM+,"K-3, 4-6, 7-8, 9-12",,,,,,4,,,,,,10,,,,,15,,
primary science,7,STEAM+,"K-3, 4-6, 7-8, 9-12",,,,,,,,,,,,,,,,,,,
design,7,STEAM+,"K-3, 4-6, 7-8, 9-12, noK12",,,,,3,,,,,,9,,,,,,,,
art,7,STAM+,"K-3, 9-12, noK12",,,,,3,,,,,,9,,,,,,,,
learning skills,7,STEA+,noK12,,,,,,,,,,,,,,,,,,,
college prep,7,STM+,"9-12, noK12",,,,,,,,,,,,,,,,,,,
information technology,6,STEAM+,noK12,,,,,,,5,,,,,,11,,,,,16,
geometry,6,STM,"4-6, 7-8, 9-12, 1-3",,,1,,,,,,7,,,,,,,,,,
medicine,6,ST+,"9-12, noK12",,,,2,,,,,,,,,,,,,,,
primary math,6,STEAM+,"K-3, 4-6, 7-8, 9-12",,,,,,,,,,,,,,12,,,,,
language arts,6,STEAM+,"K-3, 4-6, noK12",,,,,,4,,,,,,10,,,,,15,,
computer assisted language learning,6,TAM+,"9-12, noK12",,,,,,,,6,,,,,,,,,,,
primary years programme,6,STAM+,"K-3, 7-8",,,,,,,,,,,,,,,,,,,
teacher training education active methods pbl creativity innovation collaborative learning,6,STA+,noK12,,,,,,,,,,,,,,,,,,,
biotechnology,6,S,"7-8, 9-12, noK12",,,,2,,,,,,,,,,,,,,,
history,6,STEAM+,"K-3, 4-6, 7-8, 9-12, noK12",,,,,,4,,,,,,10,,,,,15,,
foreign language,6,A+,"9-12, noK12",,,,,,,,6,,,,,,,,,,,
computer science,6,STEM+,"K-3, 4-6, 7-8, 9-12",,,,,,,5,,,,,,11,,,,,16,
online teaching,5,STE+,noK12,,,,,,,,,,,,,,,,,,,
music,5,STEAM+,"K-3, 4-6, 7-8, 9-12, noK12",,,,,3,,,,,,9,,,,,14,,,
media literacy,5,STAM+,"K-3, 4-6, 7-8, 9-12",,,,,,,5,,,,,,11,,,,,16,
statistics,5,STEM,"9-12, noK12",,,1,,,,,,7,,,,,12,,,,,
physiology,5,S+,"7-8, 9-12, noK12",,,,2,,,,,,8,,,,,13,,,,
chemical calculations,5,SEM,12-Sep,,,,2,,,,,,,,,,,,,,,
kindergarten,5,STEAM+,"K-3, 4-6, noK12",,,,,,,,,,,,,,,,,,,
high school,5,STM+,"9-12, noK12",,,,,,,,,,,,,,,,,,,
active learning,5,TA+,noK12,,,,,,,,,,,,,,,,,,,
research,5,STA+,"7-8, 9-12, noK12",,,,,,,,,,,,,,,,,,,
elementary,5,STEAM+,"K-3, 4-6",,,,,,,,,,,,,,,,,,,
philosophy,5,SAM+,"7-8, 9-12, noK12",,,,,,,,,,,,,,,,,,,
electronics,5,STEAM,"K-3, 4-6, 7-8, 9-12",,,,,,,5,,,,,,11,,,,,16,
environment,5,STEAM,"K-3, 4-6, 7-8, 9-12, noK12, 1-3",,,,2,,,,,,8,,,,,13,,,,
management,5,SM+,noK12,,,,,,,,,,,,,,,,,,,
evolution,5,STE+,"9-12, noK12",,,,2,,,,,,8,,,,,13,,,,
chemical reactions,5,SEM,12-Sep,,,,2,,,,,,,,,,,,,,,
grammar,5,A+,"K-3, 4-6, 7-8, 9-12, noK12",,,,,,4,,,,,,10,,,,,15,,
teaching english as a foreign language,5,TA+,"7-8, 9-12",,,,,,,,6,,,,,,,,,,,
higher education,5,TEA+,noK12,,,,,,,,,,,,,,,,,,,
calculus,5,STEM,"9-12, noK12",,,1,,,,,,,,,,,,,,,,
chemistry in the environment,5,SE,12-Sep,,,,2,,,,,,8,,,,,,,,,
genetics,5,S,"7-8, 9-12, noK12",,,,2,,,,,,8,,,,,,,,,
adult education,5,STEAM+,noK12,,,,,,,,,,,,,,,,,,,17
elementary writing,5,STEA+,noK12,,,,,,,,,,,,,,,,,15,,
inquiry based instruction,4,S,12-Sep,,,,,,,,,,,,,,,,,,,
elementary science,4,STEAM+,"K-3, 4-6, noK12",,,,,,,,,,,,,,,13,,,,
social and emotional,4,STAM+,K-3,,,,,,4,,,,,,10,,,,,15,,
environmental issues,4,STEAM+,noK12,,,,2,,,,,,8,,,,,13,,,,
spanish,4,SAM+,"4-6, 7-8, 9-12, noK12",,,,,,,,6,,,,,,,,,,,
collaborative learning,4,STA+,noK12,,,,,,,,,,,,,,,,,,,
teenagers,4,+,"9-12, noK12",,,,,,,,,,,,,,,,,,,
earth science,4,STEA+,"7-8, 9-12",,,,2,,,,,,8,,,,,13,,,,
technical education,4,TM+,noK12,,,,,,,5,,,,,,11,,,,,16,
civic education,4,STAM+,"K-3, 4-6, 7-8, 9-12",,,,,,4,,,,,,10,,,,,15,,
chemical reactions and their applications,4,S,"9-12, noK12",,,,2,,,,,,8,,,,,,,,,
english literacy,4,STEAM+,"K-3, 4-6",,,,,,4,,6,,,,10,,,,,15,,
astronomy,4,STEAM,"9-12, noK12",,,,2,,,,,,8,,,,,13,,,,
project work,4,TEM+,"7-8, 9-12",,,,,,,,,,,,,,,,,,,
activities,4,STAM+,"K-3, 4-6, 7-8, 9-12",,,,,,,,,,,,,,,,,,,
chemical names,4,SE,12-Sep,,,,2,,,,,,8,,,,,,,,,
chemical systems and equilibrium,4,SE,12-Sep,,,,2,,,,,,8,,,,,,,,,
speaking,4,A+,"4-6, 7-8, 9-12",,,,,,4,,6,,,,10,,,,,15,,
listening skills,4,A+,"4-6, 7-8, 9-12",,,,,,,,,,,,10,,,,,15,,
interactive,4,STAM+,12-Sep,,,,,,,,,,,,,,,,,,,
chemical bonding,4,SE,12-Sep,,,,2,,,,,,8,,,,,,,,,
efl,4,A+,"4-6, 7-8, 9-12, noK12",,,,,,,,6,,,,,,,,,,,
word problems,4,STAM+,"4-6, 7-8, 9-12",,,,,,,,,7,,,,,12,,,,,
electrical circuits,4,STE,12-Sep,,,,2,,,,,,8,,,,,,,,,
dentistry,4,S+,noK12,,,,2,,,,,,,,,,,,,,,
social studies,4,STEAM+,"K-3, 4-6",,,,,,4,,,,,,10,,,,,15,,
creativity,3,T+,"K-3, 4-6, 7-8, 9-12, noK12",,,,,,,,,,,,,,,,,,,
ecosystems,3,S,"7-8, 9-12",,,,2,,,,,,8,,,,,13,,,,
trigonometry,3,SM,"K-3, 4-6, 7-8, 9-12",,,1,,,,,,7,,,,,,,,,,
leadeship,3,STE+,noK12,,,,,,,,,,,,,,,,,,,
waves and sound,3,STM,12-Sep,,,,2,,,,,,8,,,,,,,,,
ipads,3,STAM+,"K-3, 4-6, 7-8",,,,,,,,,,,,,,,,,,,
immunology,3,ST,noK12,,,,2,,,,,,8,,,,,,,,,
organic chemistry,3,SM,12-Sep,,,,2,,,,,,,,,,,,,,,
smartboard,3,STAM+,"K-3, 9-12",,,,,,,,,,,,,,,,,,,
cells,3,SE,"7-8, 9-12",,,,2,,,,,,8,,,,,13,,,,
behaviour,3,SAM+,"K-3, 4-6, 7-8, 9-12",,,,,,,,,,,,,,,,,,,
private school,3,STEAM+,"K-3, 4-6",,,,,,,,,,,,,,,,,,,
cellular biology,3,S,12-Sep,,,,2,,,,,,8,,,,,,,,,
life skills,3,STAM+,"K-3, 9-12",,,,,,,,,,,,,,,,,,,
probability,3,SM,"7-8, 9-12, 1-3",,,2,,,,,,7,,,,,12,,,,,
preschool,3,STAM+,K-3,,,,,,,,,,,,,,,,,,,
sound,3,STA,12-Sep,,,,2,,,,,,8,,,,,13,,,,
periodic table,3,SM,12-Sep,,,,2,,,,,,,,,,,,,,,
creative teaching,3,SA+,noK12,,,,,,,,,,,,,,,,,,,
comprehension,3,A+,"K-3, 4-6, 7-8, 9-12",,,,,,,,,,,,,,,,,,,
sustainability,3,STA+,12-Sep,,,,2,,,,,,8,,,,,13,,,,
electrical machines,3,STE,12-Sep,,,,,,,,,,8,,,,,13,,,,
light,3,STM,12-Sep,,,,2,,,,,,8,,,,,,,,,
metacognition,3,STEAM+,"K-3, 4-6, 9-12",,,,,,,,,,,,,,,,,,,
social science,3,SAM+,"7-8, 9-12, noK12",,,,,,,,,,,,,,,,,,,
class management,3,SAM+,"K-3, 4-6, 7-8, 9-12",,,,,,,,,,,,,,,,,,,
business english,3,+,noK12,,,,,,,,,,,,,,,,,,,
vectors,3,STEM,12-Sep,,,1,,,,,,7,,,,,,,,,,
number recognition,3,STM+,K-3,,,,,,,,,7,,,,,12,,,,,
problem solving,3,SM,"7-8, 9-12",,,,2,,,,,,8,,,,12,,,,,
interactive whiteboard,3,STEAM+,"K-3, 4-6, noK12",,,,,,,,,,,,,,,,,,,
teaching with technology,3,S,12-Sep,,,,,,,,,,,,,,,,,,,
scratch,3,TM,"K-3, 9-12",,,,,,,5,,,,,,11,,,,,16,
geography,3,STM+,"9-12, noK12",,,,,,,,,,,,,,,,,,,
electricity and magnetism,3,STM,12-Sep,,,,2,,,,,,8,,,,,,,,,
energy,3,ST,"4-6, 7-8, 9-12, noK12, 1-3",,,,2,,,,,,8,,,,,,,,,
human organ systems,3,STEAM,"K-3, 4-6, 7-8, 9-12",,,,2,,,,,,8,,,,,,,,,
primary,3,STAM+,"4-6, 7-8, 9-12",,,,,,,,,,,,,,,,,,,
optics,3,SEM,12-Sep,,,,2,,,,,,8,,,,,,,,,
song,3,SAM+,"K-3, 4-6, 7-8, 9-12",,,,,3,,,,,,8,,,,,13,,,
biodiversity,3,S,"4-6, 7-8, 9-12",,,,2,,,,,,8,,,,,13,,,,
teamwork,3,SE,12-Sep,,,,,,,,,,,,,,,,,,,
languages,3,SA+,"7-8, 9-12",,,,,,,,6,,,,,,,,,,,
writing workshop,3,STAM+,"K-3, 4-6, 7-8, 9-12",,,,,,4,,,,,,10,,,,,,,
creative writing,3,SAM+,"K-3, 4-6, 9-12",,,,,,4,,,,,,10,,,,,,,
health,3,STEAM+,"K-3, 4-6, 7-8, 9-12, noK12",,,,,,,,,,,,,,,,,,,
graduate students,3,S+,noK12,,,,,,,,,,,,,,,,,,,
steam,3,STEAM+,"K-3, 4-6, 7-8, 9-12, noK12",,,,,,,,,,,,,,,,,,,
mechanics,3,STEM,"4-6, 7-8, 9-12",,,,2,,,,,,,,,,,,,,,
fractions,3,STEAM+,"K-3, 4-6, 7-8, 9-12, 1-3",,,,,,,,,8,,,,,12,,,,,
elementary reading,3,STEA+,noK12,,,,,,,,,,,,,,,,,15,,
lab,3,SM,12-Sep,,,,,,,,,,,,,,,,,,,
practical,3,T+,noK12,,,,,,,,,,,,,,,,,,,
computing,3,STEM+,noK12,,,,,,,5,,,,,,11,,,,,16,
multiple intelligent,2,+,"K-3, 4-6, 7-8, 9-12",,,,,,,,,,,,,,,,,,,
information literacy,2,TA+,"K-3, 4-6, 7-8, 9-12",,,,,,,5,,,,,,11,,,,,16,
electrochemistry,2,SM,12-Sep,,,,2,,,,,,,,,,,,,,,
comunication,2,T+,noK12,,,,,,,,,,,,,,,,,,,
learning,2,T+,noK12,,,,,,,,,,,,,,,,,,,
math tec sci,2,STEAM+,noK12,,,,,,,,,,,,,,,,,,,
computers,2,STEAM,"K-3, 4-6, 7-8, 9-12",,,,,,,5,,,,,,11,,,,,16,
physical science,2,ST+,"K-3, 4-6, 7-8, 9-12, noK12",,,,2,,,,,,8,,,,,,,,,
adults,2,+,"9-12, noK12",,,,,,,,,,,,,,,,,,,
special needs,2,STEM+,"7-8, 9-12",,,,,,,,,,,,,,,,,,,
postgraduate students,2,STE+,noK12,,,,,,,,,,,,,,,,,,,
microbiology,2,S,"7-8, 9-12",,,,2,,,,,,,,,,,,,,,
weather,2,SM+,K-3,,,,2,,,,,,8,,,,,13,,,,
public health,2,S+,noK12,,,,,,,,,,,,,,,,,,,
technology professional development,2,TM,noK12,,,,,,,,,,,,,,,,,,,
science teaching,2,STM+,noK12,,,,,,,,,,,,,,,,,,,
7th grade,2,STM,"4-6, 7-8, 9-12",,,,,,,,,,,,,,,,,,,
creative reading,2,A+,"K-3, 4-6, 7-8, 9-12",,,,,,4,,,,,,10,,,,,15,,
self management,2,SAM+,K-3,,,,,,,,,,,,,,,,,,,
electrical measurement devices,2,TE,12-Sep,,,,2,,,,,,8,,,,,,,,,
community college,2,S+,noK12,,,,,,,,,,,,,,,,,,,
homeostasis,2,S,12-Sep,,,,2,,,,,,8,,,,,,,,,
solutions and solubility,2,S,12-Sep,,,,2,,,,,,8,,,,,,,,,
force and motion,2,ST,12-Sep,,,,2,,,,,,8,,,,,,,,,
human health and the environment,2,S,12-Sep,,,,,,4,,,,,,10,,,,,,,
elementary math,2,STEAM+,"K-3, 4-6",,,,,,,,,,,,,,12,,,,,
urban design,2,STAM+,"K-3, 4-6, 7-8, 9-12, noK12",,,,,3,,,,,,9,,,,,,,,
active methods,2,T+,noK12,,,,,,,,,,,,,,,,,,,
online,2,SAM+,12-Sep,,,,,,,,,,,,,,,,,,,
4,2,SM,"4-6, 7-8, 9-12",,,,,,,,,,,,,,,,,,,
ecological literacy,2,ST+,12-Sep,,,,2,,,,,,8,,,,,,,,,
dialects,2,A,noK12,,,,,,,,6,,,,,,,,,,,
nursing,2,ST+,noK12,,,,,,,,,,,,,,,,,,,
internet,2,T+,"7-8, 9-12",,,,,,,5,,,,,,11,,,,,16,
climate change,2,S+,"4-6, 7-8, 9-12",,,,2,,,,,,8,,,,,13,,,,
architecture,2,TEA+,"4-6, 7-8, 9-12",,,,,,,,,,,,,,,,,,,
pyp,2,STAM+,"K-3, 4-6",,,,,,,,,,,,,,,,,,,
teaching for engineering students,2,EM,noK12,,,,,,,,,,,,,,,,,,,
"tissues, organs, and systems",2,S,12-Sep,,,,2,,,,,,8,,,,,,,,,
elearning,2,SAM+,12-Sep,,,,,,,,,,,,,,,,,,,
applied learning,2,+,noK12,,,,,,,,,,,,,,,,,,,
experiment,2,SM,12-Sep,,,,2,,,,,,8,,,,,,,,,
animals: structure and function,2,S,12-Sep,,,,,,,,,,8,,,,,13,,,,
urban,2,STEAM,"K-3, 4-6, 7-8",,,,,,4,,,,,,10,,,,,,,
neuro,2,STE,"7-8, 9-12",,,,2,,,,,,8,,,,,,,,,
civics,2,+,"7-8, 9-12",,,,,,4,,,,,,10,,,,,,,
structure and properties of matter,2,S,12-Sep,,,,2,,,,,,8,,,,,13,,,,
learning process,2,T+,12-Sep,,,,,,,,,,,,,,,,,,,
nutrition,2,SA+,noK12,,,,2,,,,,,8,,,,,13,,,,
blended learning,2,STM,"4-6, noK12",,,,,,,,,,,,,,,,,,,
asian cultures,2,T+,noK12,,,,,,,,,,,,,,,,,,,
dental,2,S,noK12,,,,,,,,,,,,,,,,,,,
seasons,2,SM+,"K-3, 4-6, 7-8, 1-3",,,,,,,,,,8,,,,,13,,,,
acids and bases,2,S,12-Sep,,,,2,,,,,,8,,,,,,,,,
graphing,2,STEAM,"K-3, 4-6, 7-8, 9-12",,,,,,,,,7,,,,,12,,,,,
plants,2,STEAM+,"K-3, 4-6, 7-8",,,,,,,,,7,,,,,12,,,,,
phonics,2,SM+,K-3,,,,,,,,6,,,,,,,,,,,
learning strategies,2,T+,12-Sep,,,,,,,,,,,,,,,,,,,
control systems,2,TE,12-Sep,,,,,,,5,,,,,,11,,,,,16,
vocabulary,2,+,"K-3, 4-6, 7-8, 9-12",,,,,,4,,6,,,,10,,,,,15,,
academic esl,2,+,noK12,,,,,,,,,,,,,,,,,,,
instructional design,2,T,noK12,,,,,,,,,,,,,,,,,,,
information and communication technology,2,TA+,"7-8, 9-12",,,,,,,5,,,,,,11,,,,,16,
library,2,ST+,"K-3, 4-6, 7-8, 9-12",,,,,,,,,,,,,,,,,,,17
best practices,2,STEAM+,"K-3, 4-6",,,,,,,,,,,,,,,,,,,
thinking,2,+,noK12,,,,,,,,,,,,,,,,,,,
arts based,2,SAM+,K-3,,,,,,,,,,,,,,,,,,,
stoichiometry,2,S,12-Sep,,,,,,,,,,,,,,,,,,,
pre-algebra,2,SM+,"7-8, 9-12",,,,,,,,,,,,,,,,,,,
educational supervisor,2,TA+,noK12,,,,,,,,,,,,,,,,,,,
analytical chemistry,2,S,12-Sep,,,,2,,,,,,,,,,,,,,,
motion,2,ST,12-Sep,,,,2,,,,,,8,,,,,13,,,,
"atoms, elements, and compounds",2,S,12-Sep,,,,2,,,,,,8,,,,,13,,,,
e-learning,2,STM+,noK12,,,,,,,,,,,,,,,,,,,
gases and atmospheric chemistry,2,S,12-Sep,,,,2,,,,,,8,,,,,,,,,
multimedia,2,T,"7-8, 9-12",,,,,,,5,,,,,,11,,,,,16,
electricity,2,TE,12-Sep,,,,2,,,,,,8,,,,,,,,,
reflection,2,T+,noK12,,,,,,,,,,8,,,,,13,,,,
design-based research,2,A,noK12,,,,,,,,,,,,,,,,,,,
instructional coach,2,STEAM+,"K-3, 4-6, 7-8",,,,,,,,,,,,,,,,,,,
bioinformatics,2,ST,noK12,,,,2,,,,,,8,,,,,,,,,
time telling,2,SM+,K-3,,,,,,,,,,,,,,12,,,,,
pedagogy,2,SA+,noK12,,,,,,,,,,,,,,,,,,,
art history,2,A,"7-8, 9-12, noK12",,,,,3,,,,,,9,,,,,14,,,
construction,2,TE,"9-12, noK12",,,,,,,5,,,,,,11,,,,,16,
computer programing,2,T,"7-8, 9-12",,,,,,,5,,,,,,11,,,,,16,
hospitality,2,A+,noK12,,,,,,,,,,,,,,,,,,,
professional learning,2,S,12-Sep,,,,,,,,,,,,,,,,,,,
social issues,2,STA+,"7-8, 9-12",,,,,,4,,,,,,10,,,,,15,,
second language,2,STAM,K-3,,,,,,,,6,,,,,,,,,,,
"plants: anatomy, growth, and function",2,S,12-Sep,,,,,,,,,,8,,,,,13,,,,
ell,2,SEAM,06-Apr,,,,,,,,6,,,,,,,,,,,
english language structure,2,A+,"4-6, 7-8, 9-12",,,,,,4,,6,,,,10,,,,,15,,
heat,2,STEM,12-Sep,,,,,,,,,,,,,,,,,,,
curriculum,1,T,noK12,,,,,,,,,,,,,,,,,,,
infectious disease,1,ST,noK12,,,,,,,,,,,,,,,,,,,
cairo - egypt,1,S,noK12,,,,,,,,,,,,,,,,,,,
grade 2/3,1,STAM+,K-3,,,,,,,,,,,,,,,,,,,
#urbanplanning,1,STEA+,noK12,,,,,,,,,,,,,,,,,,,
advanced instrumentation systems,1,E,12-Sep,,,,,,,,,,,,,,,,,,,
networks,1,S,noK12,,,,,,,,,,,,,,,,,,,
environmental management,1,S+,12-Sep,,,,,,,,,,,,,,,,,,,
philippines,1,T+,noK12,,,,,,,,,,,,,,,,,,,
american literature,1,A+,"9-12, noK12",,,,,,,,,,,,,,,,,,,
3d cad,1,STEAM,noK12,,,,,,,,,,,,,,,,,,,
digital communication,1,+,noK12,,,,,,,,,,,,,,,,,,,
proofs,1,M,12-Sep,,,,,,,,,,,,,,,,,,,
books,1,TA+,"7-8, 9-12",,,,,,,,,,,,,,,,,,,
12,1,SM,K-3,,,,,,,,,,,,,,,,,,,
avant garde,1,STEAM+,K-3,,,,,,,,,,,,,,,,,,,
space,1,STEAM,"K-3, 4-6, 7-8",,,,,,,,,,,,,,,,,,,
addition with and without carry over,1,SM+,K-3,,,,,,,,,,,,,,,,,,,
fun classroom,1,+,"K-3, 4-6, 7-8, 9-12",,,,,,,,,,,,,,,,,,,
wordpress,1,STE+,noK12,,,,,,,,,,,,,,,,,,,
artifact,1,T,08-Jul,,,,,,,,,,,,,,,,,,,
science contests,1,SE,12-Sep,,,,,,,,,,,,,,,,,,,
love to learn,1,A,K-3,,,,,,,,,,,,,,,,,,,
personal safety,1,SM+,K-3,,,,,,,,,,,,,,,,,,,
3,1,SM,"4-6, 7-8, 9-12",,,,,,,,,,,,,,,,,,,
grade 9 biology,1,ST,12-Sep,,,,,,,,,,,,,,,,,,,
linear algebra,1,M,"9-12, noK12",,,,,,,,,,,,,,,,,,,
classical civilisation,1,A+,"7-8, 9-12",,,,,,,,,,,,,,,,,,,
thinking skills,1,A+,"K-3, 4-6, 7-8, 9-12",,,,,,,,,,,,,,,,,,,
food processing,1,+,noK12,,,,,,,,,,,,,,,,,,,
hands on,1,A,K-3,,,,,,,,,,,,,,,,,,,
base 10,1,SM+,K-3,,,,,,,,,,,,,,,,,,,
cross curricular,1,STE,"7-8, 9-12",,,,,,,,,,,,,,,,,,,
mathemicas,1,STEAM+,"K-3, 4-6",,,,,,,,,,,,,,,,,,,
university instruction,1,+,noK12,,,,,,,,,,,,,,,,,,,
time management,1,A+,"K-3, 4-6, 7-8, 9-12",,,,,,,,,,,,,,,,,,,
cross curriculum,1,A+,12-Sep,,,,,,,,,,,,,,,,,,,
robots,1,TE,"4-6, 7-8, 9-12",,,,,,,,,,,,,,,,,,,
human biology,1,S,noK12,,,,,,,,,,,,,,,,,,,
app inventor,1,T,12-Sep,,,,,,,,,,,,,,,,,,,
minecraftedu,1,T,K-3,,,,,,,,,,,,,,,,,,,
startup,1,STEAM+,K-3,,,,,,,,,,,,,,,,,,,
0,1,M,noK12,,,,,,,,,,,,,,,,,,,
feedback,1,+,"K-3, 4-6, 7-8, 9-12",,,,,,,,,,,,,,,,,,,
#dentistry,1,S,noK12,,,,,,,,,,,,,,,,,,,
mysql,1,STE+,noK12,,,,,,,,,,,,,,,,,,,
transducer engineering,1,E,12-Sep,,,,,,,,,,,,,,,,,,,
grade 6,1,M,06-Apr,,,,,,,,,,,,,,,,,,,
local geography,1,SAM+,"4-6, 7-8",,,,,,,,,,,,,,,,,,,
resilience topics,1,SA+,noK12,,,,,,,,,,,,,,,,,,,
philippine cultures,1,T+,noK12,,,,,,,,,,,,,,,,,,,
contemporary art,1,A,noK12,,,,,,,,,,,,,,,,,,,
#waterresources,1,STEA+,noK12,,,,,,,,,,,,,,,,,,,
small active cute,1,+,K-3,,,,,,,,,,,,,,,,,,,
virtual instrumentation,1,E,12-Sep,,,,,,,,,,,,,,,,,,,
water cycle,1,STEAM,"K-3, 4-6, 7-8",,,,,,,,,,,,,,,,,,,
emerging writing skills,1,SM+,K-3,,,,,,,,,,,,,,,,,,,
choral,1,A,12-Sep,,,,,,,,,,,,,,,,,,,
2,1,SM,noK12,,,,,,,,,,,,,,,,,,,
planets and solar system,1,STEAM,"K-3, 4-6, 7-8, 1-3",,,,,,,,,,,,,,,,,,,
innovative,1,A,K-3,,,,,,,,,,,,,,,,,,,
",elementary education",1,T,noK12,,,,,,,,,,,,,,,,,,,
",technonoly",1,T,noK12,,,,,,,,,,,,,,,,,,,
holistic,1,A,K-3,,,,,,,,,,,,,,,,,,,
5,1,SM,"4-6, 7-8, 9-12",,,,,,,,,,,,,,,,,,,
metalwork,1,TE,12-Sep,,,,,,,,,,,,,,,,,,,
modern physics,1,SE,12-Sep,,,,,,,,,,,,,,,,,,,
photography,1,T,K-3,,,,,,,,,,,,,,,,,,,
world languages,1,+,08-Jul,,,,,,,,,,,,,,,,,,,
html,1,T,noK12,,,,,,,,,,,,,,,,,,,
autocad,1,STEAM,noK12,,,,,,,,,,,,,,,,,,,
art appreciation,1,A,"7-8, 9-12",,,,,,,,,,,,,,,,,,,
secondary,1,A+,"4-6, 7-8, 9-12",,,,,,,,,,,,,,,,,,,
instrumentation in aerospace industry,1,E,12-Sep,,,,,,,,,,,,,,,,,,,
diagrams,1,M,"K-3, 4-6, 7-8, 9-12",,,,,,,,,,,,,,,,,,,
physics education,1,ST,noK12,,,,,,,,,,,,,,,,,,,
discourse,1,T+,noK12,,,,,,,,,,,,,,,,,,,
science projects,1,S,12-Sep,,,,,,,,,,,,,,,,,,,
178,1,S+,noK12,,,,,,,,,,,,,,,,,,,
college teaching,1,+,noK12,,,,,,,,,,,,,,,,,,,
#ecology,1,STEA+,noK12,,,,,,,,,,,,,,,,,,,
instruments,1,A,12-Sep,,,,,,,,,,,,,,,,,,,
tourism english,1,+,noK12,,,,,,,,,,,,,,,,,,,
common core,1,M,12-Sep,,,,,,,,,,,,,,,,,,,
nutritional science,1,S,12-Sep,,,,,,,,,,,,,,,,,,,
anatomy of mammals,1,S,12-Sep,,,,,,,,,,,,,,,,,,,
molecular biology,1,S,12-Sep,,,,,,,,,,,,,,,,,,,
geological processes,1,S,12-Sep,,,,,,,,,,,,,,,,,,,
career preparation,1,A+,12-Sep,,,,,,,,,,,,,,,,,,,
evidence based dentistry,1,+,noK12,,,,,,,,,,,,,,,,,,,
elementary art,1,STEAM+,K-3,,,,,,,,,,,,,,,,,,,
biomedical instrumentation,1,E,12-Sep,,,,,,,,,,,,,,,,,,,
geometry for k12 derivative and integrals,1,SM,"K-3, 4-6, 7-8, 9-12",,,,,,,,,,,,,,,,,,,
#eld,1,TA+,08-Jul,,,,,,,,,,,,,,,,,,,
sharing,1,+,noK12,,,,,,,,,,,,,,,,,,,
emerging reading skills,1,SM+,K-3,,,,,,,,,,,,,,,,,,,
accessability,1,TM+,12-Sep,,,,,,,,,,,,,,,,,,,
sk,1,A,K-3,,,,,,,,,,,,,,,,,,,
english reading writing,1,+,"7-8, 9-12",,,,,,,,,,,,,,,,,,,
mysticism,1,+,noK12,,,,,,,,,,,,,,,,,,,
metaphysics,1,+,noK12,,,,,,,,,,,,,,,,,,,
botany,1,S,noK12,,,,,,,,,,,,,,,,,,,
agriculture,1,S,noK12,,,,,,,,,,,,,,,,,,,
pbl,1,T+,noK12,,,,,,,,,,,,,,,,,,,
#architecture,1,STEA+,noK12,,,,,,,,,,,,,,,,,,,
asia,1,T+,noK12,,,,,,,,,,,,,,,,,,,
career readiness,1,+,noK12,,,,,,,,,,,,,,,,,,,
digital learning,1,T,noK12,,,,,,,,,,,,,,,,,,,
adult learners,1,+,noK12,,,,,,,,,,,,,,,,,,,
engineering mechanics,1,E,noK12,,,,,,,,,,,,,,,,,,,
reading comprehension,1,TA+,"7-8, 9-12",,,,,,,,,,,,,,,,,,,
esthetics,1,S,noK12,,,,,,,,,,,,,,,,,,,
phases of matter,1,S,"4-6, 7-8, 9-12, 1-3",,,,,,,,,,,,,,,,,,,
strategies for success,1,A+,12-Sep,,,,,,,,,,,,,,,,,,,
stem,1,STEAM+,"K-3, 4-6, 7-8, 9-12, noK12",,,,,,,,,,,,,,,,,,,
.,1,+,noK12,,,,,,,,,,,,,,,,,,,
central role,1,S,12-Sep,,,,,,,,,,,,,,,,,,,
math team,1,M,06-Apr,,,,,,,,,,,,,,,,,,,
quality of life,1,+,noK12,,,,,,,,,,,,,,,,,,,
cultural studies,1,+,"K-3, 4-6, 7-8, 9-12",,,,,,,,,,,,,,,,,,,
gafe,1,S,12-Sep,,,,,,,,,,,,,,,,,,,
#lessonplans #activities #listeningexercises #pronunciation #practicalideas,1,TA,noK12,,,,,,,,,,,,,,,,,,,
public speaking,1,STAM+,"7-8, 9-12",,,,,,,,,,,,,,,,,,,
structural engineering,1,E,noK12,,,,,,,,,,,,,,,,,,,
art and design,1,A,"7-8, 9-12",,,,,,,,,,,,,,,,,,,
#science,1,S,12-Sep,,,,,,,,,,,,,,,,,,,
#coastal navigation,1,+,noK12,,,,,,,,,,,,,,,,,,,
automobile,1,STE,noK12,,,,,,,,,,,,,,,,,,,
social justice,1,ST+,12-Sep,,,,,,,,,,,,,,,,,,,
silhouette animation,1,A,"7-8, 9-12",,,,,,,,,,,,,,,,,,,
poetry,1,A+,"7-8, 9-12, noK12",,,,,,,,,,,,,,,,,,,
dfferential equations,1,M,noK12,,,,,,,,,,,,,,,,,,,
maker movement,1,A,noK12,,,,,,,,,,,,,,,,,,,
funções,1,M,12-Sep,,,,,,,,,,,,,,,,,,,
computer gaming history science musicpercussion audiovisual movieproduction greenscreen,1,STEAM+,"K-3, 4-6, 7-8",,,,,,,,,,,,,,,,,,,
digital literacy,1,+,12-Sep,,,,,,,,,,,,,,,,,,,
power plant instrumentation,1,E,12-Sep,,,,,,,,,,,,,,,,,,,
space exploration,1,S,12-Sep,,,,,,,,,,,,,,,,,,,
multiplication,1,SM+,"K-3, 1-3",,,,,,,,,,,,,,,,,,,
elementary language arts,1,STEAM+,K-3,,,,,,,,,,,,,,,,,,,
arabic,1,+,noK12,,,,,,,,,,,,,,,,,,,
french teacher,1,S,12-Sep,,,,,,,,,,,,,,,,,,,
computer teacher,1,STEAM+,"K-3, 4-6",,,,,,,,,,,,,,,,,,,
second language acquisition,1,A,noK12,,,,,,,,,,,,,,,,,,,
13,1,SM,K-3,,,,,,,,,,,,,,,,,,,
orthodontics,1,S,noK12,,,,,,,,,,,,,,,,,,,
constuctive,1,SA+,12-Sep,,,,,,,,,,,,,,,,,,,
musica,1,A,12-Sep,,,,,,,,,,,,,,,,,,,
metabolic processes,1,S,12-Sep,,,,,,,,,,,,,,,,,,,
9,1,SM,"4-6, 7-8, 9-12",,,,,,,,,,,,,,,,,,,
minecraft,1,STE,"K-3, 4-6, 7-8",,,,,,,,,,,,,,,,,,,
split grades,1,SAM,K-3,,,,,,,,,,,,,,,,,,,
letters,1,T+,noK12,,,,,,,,,,,,,,,,,,,
#languagearts,1,TA+,08-Jul,,,,,,,,,,,,,,,,,,,
novels,1,A+,"7-8, 9-12",,,,,,,,,,,,,,,,,,,
physical education,1,STEA+,"4-6, 7-8, 9-12, noK12",,,,,,,,,,,,,,,,,,,
aesthetics,1,A,"7-8, 9-12",,,,,,,,,,,,,,,,,,,
medical technologies,1,S,12-Sep,,,,,,,,,,,,,,,,,,,
estatística,1,M,12-Sep,,,,,,,,,,,,,,,,,,,
population dynamics,1,S,12-Sep,,,,,,,,,,,,,,,,,,,
evidence based medicine,1,S,noK12,,,,,,,,,,,,,,,,,,,
evaluate,1,T,noK12,,,,,,,,,,,,,,,,,,,
early learning,1,STEAM+,K-3,,,,,,,,,,,,,,,,,,,
#medicine,1,S,noK12,,,,,,,,,,,,,,,,,,,
consumer math,1,STM+,12-Sep,,,,,,,,,,,,,,,,,,,
boston,1,SEAM,06-Apr,,,,,,,,,,,,,,,,,,,
special ed,1,M,06-Apr,,,,,,,,,,,,,,,,,,,
reinforcement,1,+,"K-3, 4-6, 7-8, 9-12",,,,,,,,,,,,,,,,,,,
human rights and responsibilities,1,TA+,"7-8, 9-12",,,,,,,,,,,,,,,,,,,
sing,1,A,12-Sep,,,,,,,,,,,,,,,,,,,
work force,1,TM+,12-Sep,,,,,,,,,,,,,,,,,,,
english second language,1,STAM+,K-3,,,,,,,,,,,,,,,,,,,
elementary subjects,1,STEAM+,noK12,,,,,,,,,,,,,,,,,,,
finite element methods,1,STEAM,noK12,,,,,,,,,,,,,,,,,,,
public health issues,1,S,12-Sep,,,,,,,,,,,,,,,,,,,
embed code,1,SAM+,12-Sep,,,,,,,,,,,,,,,,,,,
environmental science,1,STEM,12-Sep,,,,,,,,,,,,,,,,,,,
early childhood education,1,STEAM+,K-3,,,,,,,,,,,,,,,,,,,
ethics,1,ST+,noK12,,,,,,,,,,,,,,,,,,,
#applied,1,S,12-Sep,,,,,,,,,,,,,,,,,,,
efl language learning,1,+,"K-3, 4-6, 7-8, 9-12",,,,,,,,,,,,,,,,,,,
life science,1,S,noK12,,,,,,,,,,,,,,,,,,,
leadership,1,E,noK12,,,,,,,,,,,,,,,,,,,
international,1,STM+,06-Apr,,,,,,,,,,,,,,,,,,,
wave nature of light,1,ST,12-Sep,,,,,,,,,,,,,,,,,,,
phonetics and phonology,1,A+,noK12,,,,,,,,,,,,,,,,,,,
filmmaking,1,A,"7-8, 9-12",,,,,,,,,,,,,,,,,,,
",general special education",1,T,noK12,,,,,,,,,,,,,,,,,,,
food technology,1,+,noK12,,,,,,,,,,,,,,,,,,,
indigenous cultures,1,A+,"4-6, 7-8, 9-12",,,,,,,,,,,,,,,,,,,
ipad,1,A,K-3,,,,,,,,,,,,,,,,,,,
games in education,1,+,noK12,,,,,,,,,,,,,,,,,,,
matemática financeira,1,M,12-Sep,,,,,,,,,,,,,,,,,,,
tasks,1,+,"K-3, 4-6, 7-8, 9-12",,,,,,,,,,,,,,,,,,,
spanish instruction,1,+,noK12,,,,,,,,,,,,,,,,,,,
energy and momentum,1,ST,12-Sep,,,,,,,,,,,,,,,,,,,
#chemistry,1,S,12-Sep,,,,,,,,,,,,,,,,,,,
179,1,S+,noK12,,,,,,,,,,,,,,,,,,,
aquaculture,1,S,noK12,,,,,,,,,,,,,,,,,,,
fashion design,1,A,"7-8, 9-12",,,,,,,,,,,,,,,,,,,
elementary arithmetic,1,+,noK12,,,,,,,,,,,,,,,,,,,
high school chemistry,1,SM,12-Sep,,,,,,,,,,,,,,,,,,,
socioscientific issues,1,S,noK12,,,,,,,,,,,,,,,,,,,
visual basic 6,1,T,12-Sep,,,,,,,,,,,,,,,,,,,
innovative teaching,1,S,noK12,,,,,,,,,,,,,,,,,,,
pathogens and diseases,1,S,12-Sep,,,,,,,,,,,,,,,,,,,
#technicaldraw,1,STEA+,noK12,,,,,,,,,,,,,,,,,,,
subtraction with and without borrowing,1,SM+,K-3,,,,,,,,,,,,,,,,,,,
law,1,T+,12-Sep,,,,,,,,,,,,,,,,,,,
argumentation,1,STE,"4-6, 7-8",,,,,,,,,,,,,,,,,,,
food science,1,+,noK12,,,,,,,,,,,,,,,,,,,
#oral_medicine,1,S,noK12,,,,,,,,,,,,,,,,,,,
spanish conversation,1,+,noK12,,,,,,,,,,,,,,,,,,,
ancient greek,1,A+,"7-8, 9-12",,,,,,,,,,,,,,,,,,,
global perspectivr,1,TA,noK12,,,,,,,,,,,,,,,,,,,
preparatory class,1,A+,noK12,,,,,,,,,,,,,,,,,,,
strategies,1,TA+,"9-12, noK12",,,,,,,,,,,,,,,,,,,
portuguese,1,T+,noK12,,,,,,,,,,,,,,,,,,,
elementary ethics,1,STEAM+,K-3,,,,,,,,,,,,,,,,,,,
anatomy,1,S,"7-8, 9-12",,,,,,,,,,,,,,,,,,,
tutor,1,S+,"K-3, 4-6, 7-8, 9-12",,,,,,,,,,,,,,,,,,,
allied health,1,S+,noK12,,,,,,,,,,,,,,,,,,,
college instruction,1,+,noK12,,,,,,,,,,,,,,,,,,,
integrated arts,1,STAM+,"K-3, 4-6, 7-8",,,,,,,,,,,,,,,,,,,
fluid pressure,1,ST,12-Sep,,,,,,,,,,,,,,,,,,,
blended,1,T+,12-Sep,,,,,,,,,,,,,,,,,,,
drawing & painting,1,A,"7-8, 9-12",,,,,,,,,,,,,,,,,,,
structural mechanics,1,E,noK12,,,,,,,,,,,,,,,,,,,
corporate training,1,ST+,noK12,,,,,,,,,,,,,,,,,,,
develop,1,T,noK12,,,,,,,,,,,,,,,,,,,
primary english,1,STAM,"7-8, 9-12",,,,,,,,,,,,,,,,,,,
social reading,1,A,noK12,,,,,,,,,,,,,,,,,,,
digital marketing,1,+,noK12,,,,,,,,,,,,,,,,,,,
applied linguistics,1,A+,12-Sep,,,,,,,,,,,,,,,,,,,
food safety,1,+,noK12,,,,,,,,,,,,,,,,,,,
#teeth,1,S,noK12,,,,,,,,,,,,,,,,,,,
veterinary medicine,1,+,noK12,,,,,,,,,,,,,,,,,,,
aurora,1,STAM+,K-3,,,,,,,,,,,,,,,,,,,
applets,1,M,noK12,,,,,,,,,,,,,,,,,,,
academic upgrading,1,SM,12-Sep,,,,,,,,,,,,,,,,,,,
college algebra,1,M,noK12,,,,,,,,,,,,,,,,,,,
secondary school earth science,1,STE,"7-8, 9-12",,,,,,,,,,,,,,,,,,,
enthusiastic,1,A,K-3,,,,,,,,,,,,,,,,,,,
human disease,1,S,12-Sep,,,,,,,,,,,,,,,,,,,
careers,1,A+,"7-8, 9-12",,,,,,,,,,,,,,,,,,,
jk,1,A,K-3,,,,,,,,,,,,,,,,,,,
engineering math,1,E,12-Sep,,,,,,,,,,,,,,,,,,,
social work,1,A+,noK12,,,,,,,,,,,,,,,,,,,
#climatechange,1,STEA+,noK12,,,,,,,,,,,,,,,,,,,
decimals,1,STEAM,"K-3, 4-6, 7-8, 9-12",,,,,,,,,,,,,,,,,,,
hindi,1,SAM+,K-3,,,,,,,,,,,,,,,,,,,
facilitating,1,+,noK12,,,,,,,,,,,,,,,,,,,
mindfulness,1,SM+,K-3,,,,,,,,,,,,,,,,,,,
study skills,1,A+,"7-8, 9-12",,,,,,,,,,,,,,,,,,,
design technology,1,STEAM+,"K-3, 4-6",,,,,,,,,,,,,,,,,,,
combination class,1,STEAM+,"K-3, 4-6",,,,,,,,,,,,,,,,,,,
freshmen university students,1,E,noK12,,,,,,,,,,,,,,,,,,,
states of matter,1,SM+,K-3,,,,,,,,,,,,,,,,,,,
gamification,1,+,noK12,,,,,,,,,,,,,,,,,,,
positive psychology,1,+,noK12,,,,,,,,,,,,,,,,,,,
mechanical systems,1,STE,"9-12, noK12",,,,,,,,,,,,,,,,,,,
graphic novels,1,+,noK12,,,,,,,,,,,,,,,,,,,
bilingual,1,STAM,K-3,,,,,,,,,,,,,,,,,,,
#orthodontics,1,S,noK12,,,,,,,,,,,,,,,,,,,
blended mode,1,T+,noK12,,,,,,,,,,,,,,,,,,,
new to steam,1,STEAM+,"K-3, 4-6",,,,,,,,,,,,,,,,,,,
10,1,S,noK12,,,,,,,,,,,,,,,,,,,
geology,1,STE,"7-8, 9-12",,,,,,,,,,,,,,,,,,,
velocity and motion,1,SM,"7-8, 9-12",,,,,,,,,,,,,,,,,,,
an english for preschool and school children,1,SAM+,"K-3, 4-6, 7-8, 9-12",,,,,,,,,,,,,,,,,,,
electrical power system,1,STE,12-Sep,,,,,,,,,,,,,,,,,,,
spirituality,1,+,noK12,,,,,,,,,,,,,,,,,,,
#english,1,TA+,08-Jul,,,,,,,,,,,,,,,,,,,
7,1,T+,noK12,,,,,,,,,,,,,,,,,,,
area measurement,1,M,"7-8, 9-12",,,,,,,,,,,,,,,,,,,
english literature,1,+,noK12,,,,,,,,,,,,,,,,,,,
science fairs,1,SE,12-Sep,,,,,,,,,,,,,,,,,,,
energy and society,1,S,12-Sep,,,,,,,,,,,,,,,,,,,
teacher collaboration,1,S,noK12,,,,,,,,,,,,,,,,,,,
grade2,1,STAM+,K-3,,,,,,,,,,,,,,,,,,,
self education,1,+,noK12,,,,,,,,,,,,,,,,,,,
applied science,1,TE,12-Sep,,,,,,,,,,,,,,,,,,,
production,1,STE,noK12,,,,,,,,,,,,,,,,,,,
kinematics,1,S,12-Sep,,,,,,,,,,,,,,,,,,,
frações,1,M,12-Sep,,,,,,,,,,,,,,,,,,,
university classroom,1,+,noK12,,,,,,,,,,,,,,,,,,,
power electronics,1,E,12-Sep,,,,,,,,,,,,,,,,,,,
horticulture,1,S,noK12,,,,,,,,,,,,,,,,,,,
conservation,1,STEAM+,noK12,,,,,,,,,,,,,,,,,,,
structures and mechanisms,1,STE,"4-6, 7-8, 9-12, noK12",,,,,,,,,,,,,,,,,,,
#environmentalplanning,1,STEA+,noK12,,,,,,,,,,,,,,,,,,,
web design,1,STE+,noK12,,,,,,,,,,,,,,,,,,,
6,1,SM,"4-6, 7-8, 9-12",,,,,,,,,,,,,,,,,,,
second language writing,1,A+,12-Sep,,,,,,,,,,,,,,,,,,,
clinical training,1,ST+,noK12,,,,,,,,,,,,,,,,,,,
#smart,1,STEM,"4-6, 9-12",,,,,,,,,,,,,,,,,,,
agriculture and forestry,1,S,12-Sep,,,,,,,,,,,,,,,,,,,
transdisciplinary,1,A+,"K-3, 4-6",,,,,,,,,,,,,,,,,,,
semantics,1,A,noK12,,,,,,,,,,,,,,,,,,,
interesting presentation,1,+,"K-3, 4-6, 7-8, 9-12",,,,,,,,,,,,,,,,,,,
science fair supervisor,1,S,noK12,,,,,,,,,,,,,,,,,,,
applied mathematics,1,TE,12-Sep,,,,,,,,,,,,,,,,,,,
engineering reading writing,1,E,06-Apr,,,,,,,,,,,,,,,,,,,
8,1,SM,"4-6, 7-8, 9-12",,,,,,,,,,,,,,,,,,,
international studies,1,+,noK12,,,,,,,,,,,,,,,,,,,
water,1,ST,noK12,,,,,,,,,,,,,,,,,,,
database,1,STE+,noK12,,,,,,,,,,,,,,,,,,,
storybird,1,T,K-3,,,,,,,,,,,,,,,,,,,
discrete math,1,M,noK12,,,,,,,,,,,,,,,,,,,
materials,1,STEM,"noK12, 1-3",,,,,,,,,,,,,,,,,,,
l,1,+,12-Sep,,,,,,,,,,,,,,,,,,,
hispanic studies,1,+,noK12,,,,,,,,,,,,,,,,,,,
20,1,+,12-Sep,,,,,,,,,,,,,,,,,,,
visual arts,1,STEA+,"K-3, 4-6",,,,,,,,,,,,,,,,,,,
community partnerships,1,STAM+,"K-3, 4-6, 7-8",,,,,,,,,,,,,,,,,,,
#biology,1,S,12-Sep,,,,,,,,,,,,,,,,,,,
health care,1,+,noK12,,,,,,,,,,,,,,,,,,,
money,1,SM+,K-3,,,,,,,,,,,,,,,,,,,
engineering contests,1,SE,12-Sep,,,,,,,,,,,,,,,,,,,
collabo,1,T,noK12,,,,,,,,,,,,,,,,,,,
multimedia assisted language learning,1,+,noK12,,,,,,,,,,,,,,,,,,,
ancient civilizations,1,A+,"4-6, 7-8, 9-12",,,,,,,,,,,,,,,,,,,
primary social studies,1,STAM+,K-3,,,,,,,,,,,,,,,,,,,
workshop,1,TE,12-Sep,,,,,,,,,,,,,,,,,,,
dialogue,1,T+,noK12,,,,,,,,,,,,,,,,,,,
job development,1,TM+,12-Sep,,,,,,,,,,,,,,,,,,,
northern canada,1,SAM+,"4-6, 7-8",,,,,,,,,,,,,,,,,,,
drama,1,STEA+,"K-3, 4-6, 7-8, 9-12",,,,,,,,,,,,,,,,,,,
neuroscience for education,1,+,noK12,,,,,,,,,,,,,,,,,,,
professional education,1,ST+,noK12,,,,,,,,,,,,,,,,,,,
pressure,1,ST,12-Sep,,,,,,,,,,,,,,,,,,,
#economy,1,STEA+,noK12,,,,,,,,,,,,,,,,,,,
movement,1,STEAM+,"K-3, 4-6, 7-8, 9-12, 1-3",,,,,,,,,,,,,,,,,,,
media design,1,TE,"7-8, 9-12",,,,,,,,,,,,,,,,,,,
health administration,1,+,noK12,,,,,,,,,,,,,,,,,,,
french,1,STEAM+,"K-3, 4-6, noK12",,,,,,,,,,,,,,,,,,,
world geography,1,SAM+,"4-6, 7-8",,,,,,,,,,,,,,,,,,,
medical device,1,ST+,noK12,,,,,,,,,,,,,,,,,,,
western civilization,1,A+,"4-6, 7-8, 9-12",,,,,,,,,,,,,,,,,,,
human impact on the environment,1,S,12-Sep,,,,,,,,,,,,,,,,,,,
crafts making,1,+,"K-3, 4-6, 7-8, 9-12",,,,,,,,,,,,,,,,,,,
welding,1,STE,noK12,,,,,,,,,,,,,,,,,,,
business math,1,STM+,12-Sep,,,,,,,,,,,,,,,,,,,
u.s. history,1,A+,08-Jul,,,,,,,,,,,,,,,,,,,
history from middle age to contemporary,1,A+,noK12,,,,,,,,,,,,,,,,,,,
new technologies,1,STM,noK12,,,,,,,,,,,,,,,,,,,
artebrasil,1,A,12-Sep,,,,,,,,,,,,,,,,,,,
intuition,1,+,noK12,,,,,,,,,,,,,,,,,,,
nature learning,1,SEAM,06-Apr,,,,,,,,,,,,,,,,,,,
colleges,1,+,noK12,,,,,,,,,,,,,,,,,,,
liberal arts,1,M,12-Sep,,,,,,,,,,,,,,,,,,,
informal education,1,STEAM+,noK12,,,,,,,,,,,,,,,,,,,
12-Sep,1,STEM,noK12,,,,,,,,,,,,,,,,,,,
engineering mathematics,1,EM,noK12,,,,,,,,,,,,,,,,,,,
dance,1,+,noK12,,,,,,,,,,,,,,,,,,,
ap physics 1,1,SM,12-Sep,,,,,,,,,,,,,,,,,,,
genetic processes,1,S,12-Sep,,,,,,,,,,,,,,,,,,,
information and communications technology,1,TM+,12-Sep,,,,,,,,,,,,,,,,,,,
grade1,1,A,K-3,,,,,,,,,,,,,,,,,,,
global health,1,+,noK12,,,,,,,,,,,,,,,,,,,
shire,1,AM,12-Sep,,,,,,,,,,,,,,,,,,,
procedural thinking,1,M,12-Sep,,,,,,,,,,,,,,,,,,,
basic principles of electrical engineering,1,E,12-Sep,,,,,,,,,,,,,,,,,,,
pre primary,1,STAM+,K-3,,,,,,,,,,,,,,,,,,,
teaching to postgraduates,1,S,noK12,,,,,,,,,,,,,,,,,,,
fifth grade,1,STAM,06-Apr,,,,,,,,,,,,,,,,,,,
augmentative technology,1,TM+,12-Sep,,,,,,,,,,,,,,,,,,,
rooms division,1,+,noK12,,,,,,,,,,,,,,,,,,,
food quality,1,+,noK12,,,,,,,,,,,,,,,,,,,
#esl #english #china,1,+,noK12,,,,,,,,,,,,,,,,,,,
occasional teacher,1,STAM,06-Apr,,,,,,,,,,,,,,,,,,,
#primary,1,A+,noK12,,,,,,,,,,,,,,,,,,,
matter,1,S,12-Sep,,,,,,,,,,,,,,,,,,,
front office,1,+,noK12,,,,,,,,,,,,,,,,,,,
international school,1,STAM+,K-3,,,,,,,,,,,,,,,,,,,
addition,1,M,"K-3, 4-6, 7-8, 9-12",,,,,,,,,,,,,,,,,,,
#languagedevelopment,1,TA+,08-Jul,,,,,,,,,,,,,,,,,,,
drupal,1,STE+,noK12,,,,,,,,,,,,,,,,,,,
technical drawing,1,TE,12-Sep,,,,,,,,,,,,,,,,,,,
middle school,1,M,"7-8, noK12",,,,,,,,,,,,,,,,,,,
#libraries,1,A+,noK12,,,,,,,,,,,,,,,,,,,
solar system,1,S,12-Sep,,,,,,,,,,,,,,,,,,,
humanities,1,SA+,"9-12, noK12",,,,,,,,,,,,,,,,,,,
teacher prep,1,T,noK12,,,,,,,,,,,,,,,,,,,
cad,1,STEAM,noK12,,,,,,,,,,,,,,,,,,,
parent,1,+,noK12,,,,,,,,,,,,,,,,,,,
woodwork,1,TE,12-Sep,,,,,,,,,,,,,,,,,,,
project,1,+,06-Apr,,,,,,,,,,,,,,,,,,,
pharmacy,1,S,noK12,,,,,,,,,,,,,,,,,,,
misconceptions,1,S,12-Sep,,,,,,,,,,,,,,,,,,,
conjuntos,1,M,12-Sep,,,,,,,,,,,,,,,,,,,
community health,1,ST,noK12,,,,,,,,,,,,,,,,,,,
entrepreneurship,1,M+,"7-8, 9-12",,,,,,,,,,,,,,,,,,,
polynomials,1,M,12-Sep,,,,,,,,,,,,,,,,,,,
personal growth,1,+,noK12,,,,,,,,,,,,,,,,,,,
experiential,1,A,K-3,,,,,,,,,,,,,,,,,,,
ap biology,1,ST,12-Sep,,,,,,,,,,,,,,,,,,,
student construction,1,T,08-Jul,,,,,,,,,,,,,,,,,,,
ap physics c,1,SM,12-Sep,,,,,,,,,,,,,,,,,,,
arduino,1,TEA,"4-6, 7-8, 9-12",,,,,,,,,,,,,,,,,,,
second languages,1,+,noK12,,,,,,,,,,,,,,,,,,,
environment education,1,ST,noK12,,,,,,,,,,,,,,,,,,,
flipped classroom,1,S,12-Sep,,,,,,,,,,,,,,,,,,,
educat,1,A,K-3,,,,,,,,,,,,,,,,,,,
games,1,+,"K-3, 4-6, 7-8, 9-12",,,,,,,,,,,,,,,,,,,
molecular genetics,1,S,12-Sep,,,,,,,,,,,,,,,,,,,
sales training,1,ST+,noK12,,,,,,,,,,,,,,,,,,,
differential equations,1,M,12-Sep,,,,,,,,,,,,,,,,,,,
philippine history,1,T+,noK12,,,,,,,,,,,,,,,,,,,
ngss,1,S,12-Sep,,,,,,,,,,,,,,,,,,,
units of inquiry,1,STM+,06-Apr,,,,,,,,,,,,,,,,,,,
classical languages,1,A+,"7-8, 9-12",,,,,,,,,,,,,,,,,,,
teach at the high school,1,TM,06-Apr,,,,,,,,,,,,,,,,,,,
